ACCIDENT_NO,ABS_CODE,ACCIDENT_STATUS,Date,ACCIDENT_TIME,ALCOHOLTIME,ACCIDENT_TYPE,DAY_OF_WEEK,DCA_CODE,HIT_RUN_FLAG,LIGHT_CONDITION,POLICE_ATTEND,ROAD_GEOMETRY,SEVERITY,SPEED_ZONE,RUN_OFFROAD,LONGITUDE,LATITUDE,LGA_NAME,REGION_NAME,TOTAL_PERSONS,FATALITY,SERIOUSINJURY,OTHERINJURY,NONINJURED,MALES,FEMALES,BICYCLIST,PASSENGER,DRIVER,PEDESTRIAN,PILLION,MOTORIST,UNKNOWN,PED_CYCLIST_5_12,PED_CYCLIST_13_18,OLD_PEDESTRIAN,OLD_DRIVER,YOUNG_DRIVER,ALCOHOL_RELATED,UNLICENCSED,NO_OF_VEHICLES,HEAVYVEHICLE,PASSENGERVEHICLE,MOTORCYCLE,PUBLICVEHICLE,DEG_URBAN_NAME,DEG_URBAN_ALL,LGA_NAME_ALL,REGION_NAME_ALL,STAT_DIV_NAME,Rainfall amount (millimetres),Maximum temperature (Degree C)
T20180003517,Driving accident,Finished,2018/02/23,07:27:00,No,Collision with vehicle,Friday,HEAD ON (NOT OVERTAKING),No,Day,Yes,Not at intersection,Other injury accident,70 km/hr,No,144.88569733,-37.6807885,HUME,METROPOLITAN NORTH WEST REGION,2.0,0.0,0.0,2.0,0.0,2.0,0.0,0.0,0.0,2.0,0.0,0.0,0.0,0.0,0.0,0.0,0.0,0.0,0.0,No,0.0,2.0,0.0,2.0,0.0,0.0,MELB_URBAN,MELB_URBAN,HUME,METROPOLITAN NORTH WEST REGION,Metro,0.6,34.5
T20180003546,Driving accident,Finished,2018/02/23,13:54:00,No,Collision with vehicle,Friday,RIGHT THROUGH,No,Day,Yes,Multiple intersection,Other injury accident,80 km/hr,No,144.71049649,-37.61149385,HUME,METROPOLITAN NORTH WEST REGION,3.0,0.0,0.0,1.0,2.0,1.0,2.0,0.0,1.0,2.0,0.0,0.0,0.0,0.0,0.0,0.0,0.0,0.0,0.0,No,0.0,2.0,0.0,2.0,0.0,0.0,RURAL_VICTORIA,RURAL_VICTORIA,HUME,METROPOLITAN NORTH WEST REGION,Metro,0.6,34.5
T20180009367,Driving accident,Finished,2018/05/17,19:55:00,Yes,Collision with vehicle,Thursday,RIGHT REAR.,No,Dark Street lights on,Yes,T intersection,Other injury accident,50 km/hr,No,144.92885899,-37.67754704,HUME,METROPOLITAN NORTH WEST REGION,5.0,0.0,0.0,1.0,4.0,2.0,3.0,0.0,3.0,2.0,0.0,0.0,0.0,0.0,0.0,0.0,0.0,0.0,2.0,No,0.0,2.0,0.0,2.0,0.0,0.0,MELB_URBAN,MELB_URBAN,HUME,METROPOLITAN NORTH WEST REGION,Metro,0.0,13.9
T20180013027,Driving accident,Finished,2018/07/07,23:30:00,Yes,Collision with vehicle,Saturday,CROSS TRAFFIC(INTERSECTIONS ONLY),No,Dark Street lights unknown,Yes,Cross intersection,Other injury accident,50 km/hr,No,144.9100965,-37.67686872,HUME,METROPOLITAN NORTH WEST REGION,2.0,0.0,0.0,1.0,1.0,1.0,1.0,0.0,0.0,2.0,0.0,0.0,0.0,0.0,0.0,0.0,0.0,0.0,0.0,No,0.0,2.0,0.0,2.0,0.0,0.0,MELB_URBAN,MELB_URBAN,HUME,METROPOLITAN NORTH WEST REGION,Metro,1.4,12.1
T20180005411,Driving accident,Finished,2018/03/22,12:50:00,No,Collision with vehicle,Wednesday,LANE SIDE SWIPE (VEHICLES IN PARALLEL LANES),No,Day,Yes,T intersection,Other injury accident,50 km/hr,No,144.85420535,-37.70911802,HUME,METROPOLITAN NORTH WEST REGION,2.0,0.0,0.0,1.0,1.0,2.0,0.0,0.0,0.0,2.0,0.0,0.0,0.0,0.0,0.0,0.0,0.0,0.0,0.0,No,0.0,3.0,2.0,1.0,0.0,0.0,MELB_URBAN,MELB_URBAN,HUME,METROPOLITAN NORTH WEST REGION,Metro,0.0,27.9
T20180002101,Driving accident,Private Property,2018/02/03,14:30:00,No,Struck Pedestrian,Friday,PED PLAYING/LYING/WORKING/STANDING ON CARRIAGEWAY.,No,Day,Yes,Private property,Other injury accident,Camping grounds or off road,No,144.91525705,-37.60151717,HUME,METROPOLITAN NORTH WEST REGION,2.0,0.0,0.0,1.0,1.0,1.0,1.0,0.0,0.0,1.0,1.0,0.0,0.0,0.0,1.0,0.0,0.0,0.0,0.0,No,0.0,1.0,0.0,1.0,0.0,0.0,MELB_URBAN,MELB_URBAN,HUME,METROPOLITAN NORTH WEST REGION,Metro,0.0,27.8
T20180013365,Driving accident,Finished,2018/06/17,12:50:00,No,Collision with vehicle,Sunday,LANE CHANGE LEFT (NOT OVERTAKING),No,Day,Yes,Not at intersection,Other injury accident,100 km/hr,No,144.91300827,-37.69402846,HUME,METROPOLITAN NORTH WEST REGION,2.0,0.0,0.0,1.0,1.0,1.0,1.0,0.0,0.0,2.0,0.0,0.0,0.0,0.0,0.0,0.0,0.0,0.0,0.0,No,0.0,2.0,1.0,1.0,0.0,0.0,MELB_URBAN,MELB_URBAN,HUME,METROPOLITAN NORTH WEST REGION,Metro,19.8,11.7
T20180011326,Driving accident,Finished,2018/06/17,08:10:00,Yes,Collision with a fixed object,Sunday,OFF LEFT BEND INTO OBJECT/PARKED VEHICLE,No,Day,Yes,Not at intersection,Serious injury accident,60 km/hr,Yes,144.80083074,-37.63051748,HUME,METROPOLITAN NORTH WEST REGION,3.0,0.0,3.0,0.0,0.0,3.0,0.0,0.0,2.0,1.0,0.0,0.0,0.0,0.0,0.0,0.0,0.0,0.0,0.0,No,0.0,1.0,0.0,1.0,0.0,0.0,RURAL_VICTORIA,RURAL_VICTORIA,HUME,METROPOLITAN NORTH WEST REGION,Metro,19.8,11.7
T20180011378,Driving accident,Finished,2018/06/17,23:54:00,Yes,Collision with vehicle,Sunday,VEHICLE COLLIDES WITH VEHICLE PARKED ON LEFT OF ROAD,No,Dark No street lights,Yes,Not at intersection,Serious injury accident,80 km/hr,No,144.94872276,-37.62608641,HUME,METROPOLITAN NORTH WEST REGION,2.0,0.0,1.0,1.0,0.0,2.0,0.0,0.0,1.0,1.0,0.0,0.0,0.0,0.0,0.0,0.0,0.0,0.0,0.0,No,0.0,2.0,0.0,2.0,0.0,0.0,MELB_URBAN,MELB_URBAN,HUME,METROPOLITAN NORTH WEST REGION,Metro,19.8,11.7
T20180009835,Driving accident,Finished,2018/05/24,09:15:00,No,Collision with a fixed object,Thursday,LEFT OFF CARRIAGEWAY INTO OBJECT/PARKED VEHICLE,No,Day,Yes,Not at intersection,Serious injury accident,70 km/hr,Yes,144.90694585,-37.63784796,HUME,METROPOLITAN NORTH WEST REGION,2.0,0.0,1.0,0.0,1.0,1.0,1.0,0.0,0.0,2.0,0.0,0.0,0.0,0.0,0.0,0.0,0.0,0.0,1.0,No,0.0,2.0,0.0,2.0,0.0,0.0,MELB_URBAN,"MELB_URBAN,RURAL_VICTORIA",HUME,METROPOLITAN NORTH WEST REGION,Metro,0.2,15.7
T20180013530,Driving accident,Finished,2018/07/19,10:30:00,No,Collision with vehicle,Thursday,CROSS TRAFFIC(INTERSECTIONS ONLY),No,Day,Yes,Cross intersection,Other injury accident,80 km/hr,No,144.95235949,-37.65107018,HUME,METROPOLITAN NORTH WEST REGION,2.0,0.0,0.0,1.0,1.0,2.0,0.0,0.0,0.0,2.0,0.0,0.0,0.0,0.0,0.0,0.0,0.0,0.0,0.0,No,0.0,2.0,0.0,1.0,0.0,0.0,MELB_URBAN,MELB_URBAN,HUME,METROPOLITAN NORTH WEST REGION,Metro,0.0,18.3
T20180013563,Driving accident,Finished,2018/07/19,15:15:00,No,Collision with a fixed object,Wednesday,LEFT OFF CARRIAGEWAY INTO OBJECT/PARKED VEHICLE,No,Day,Yes,Not at intersection,Serious injury accident,80 km/hr,Yes,144.84918142,-37.58630963,HUME,METROPOLITAN NORTH WEST REGION,1.0,0.0,1.0,0.0,0.0,1.0,0.0,0.0,0.0,1.0,0.0,0.0,0.0,0.0,0.0,0.0,0.0,0.0,0.0,No,0.0,1.0,0.0,1.0,0.0,0.0,RURAL_VICTORIA,RURAL_VICTORIA,HUME,METROPOLITAN NORTH WEST REGION,Metro,0.0,18.3
T20180013574,Driving accident,Finished,2018/07/19,19:03:00,Yes,Collision with vehicle,Thursday,RIGHT OFF CARRIAGEWAY INTO OBJECT/PARKED VEHICLE,No,Dark Street lights on,Yes,Not at intersection,Other injury accident,60 km/hr,Yes,144.91995312,-37.68188637,HUME,METROPOLITAN NORTH WEST REGION,2.0,0.0,0.0,1.0,1.0,2.0,0.0,0.0,0.0,2.0,0.0,0.0,0.0,0.0,0.0,0.0,0.0,0.0,1.0,No,0.0,2.0,0.0,2.0,0.0,0.0,MELB_URBAN,MELB_URBAN,HUME,METROPOLITAN NORTH WEST REGION,Metro,0.0,18.3
T20180010258,Driving accident,Finished,2018/05/31,09:50:00,No,Struck Pedestrian,Thursday,PED ON FOOTHPATH STRUCK BY VEHENTERING/LEAVING DRIVEWAY.,No,Day,Yes,Not at intersection,Other injury accident,50 km/hr,No,144.94259,-37.64565,HUME,METROPOLITAN NORTH WEST REGION,1.0,0.0,0.0,1.0,0.0,1.0,0.0,0.0,0.0,0.0,1.0,0.0,0.0,0.0,0.0,0.0,0.0,0.0,0.0,No,0.0,1.0,0.0,0.0,0.0,1.0,MELB_URBAN,MELB_URBAN,HUME,METROPOLITAN NORTH WEST REGION,Metro,2.8,14.0
T20180002643,Driving accident,Finished,2018/02/11,18:45:00,Yes,Collision with vehicle,Sunday,LEAVING PARKING,No,Day,Yes,Not at intersection,Serious injury accident,Other speed limit,No,144.95866584,-37.688514,HUME,METROPOLITAN NORTH WEST REGION,3.0,0.0,1.0,0.0,2.0,0.0,2.0,0.0,1.0,2.0,0.0,0.0,0.0,0.0,0.0,0.0,0.0,0.0,1.0,No,0.0,2.0,0.0,2.0,0.0,0.0,MELB_URBAN,MELB_URBAN,HUME,METROPOLITAN NORTH WEST REGION,Metro,0.8,22.1
T20180002632,Driving accident,Finished,2018/02/11,17:00:00,Yes,Fall from or in moving vehicle,Sunday,FELL IN/FROM VEHICLE,No,Day,Yes,Not at intersection,Serious injury accident,80 km/hr,No,144.92881888,-37.64108075,HUME,METROPOLITAN NORTH WEST REGION,2.0,0.0,1.0,0.0,1.0,1.0,1.0,0.0,0.0,0.0,0.0,1.0,1.0,0.0,0.0,0.0,0.0,0.0,0.0,No,0.0,1.0,0.0,0.0,1.0,0.0,MELB_URBAN,MELB_URBAN,HUME,METROPOLITAN NORTH WEST REGION,Metro,0.8,22.1
T20180002653,Driving accident,Finished,2018/02/11,23:15:00,Yes,Collision with vehicle,Sunday,REAR END(VEHICLES IN SAME LANE),No,Dark Street lights on,Yes,Cross intersection,Serious injury accident,80 km/hr,No,144.95034471,-37.63812639,HUME,METROPOLITAN NORTH WEST REGION,3.0,0.0,1.0,0.0,2.0,3.0,0.0,0.0,0.0,3.0,0.0,0.0,0.0,0.0,0.0,0.0,0.0,0.0,1.0,No,0.0,3.0,0.0,3.0,0.0,0.0,MELB_URBAN,MELB_URBAN,HUME,METROPOLITAN NORTH WEST REGION,Metro,0.8,22.1
T20170015105,Driving accident,Finished,2017/08/05,02:14:00,Yes,Collision with a fixed object,Friday,LEFT OFF CARRIAGEWAY INTO OBJECT/PARKED VEHICLE,No,Dark Street lights on,Yes,Cross intersection,Other injury accident,80 km/hr,Yes,144.84404979,-37.58577968,HUME,METROPOLITAN NORTH WEST REGION,1.0,0.0,0.0,1.0,0.0,1.0,0.0,0.0,0.0,1.0,0.0,0.0,0.0,0.0,0.0,0.0,0.0,0.0,0.0,No,0.0,1.0,0.0,1.0,0.0,0.0,RURAL_VICTORIA,RURAL_VICTORIA,HUME,METROPOLITAN NORTH WEST REGION,Metro,0.2,13.7
T20170015134,Driving accident,Finished,2017/08/05,15:37:00,Yes,Collision with vehicle,Saturday,RIGHT NEAR (INTERSECTIONS ONLY),No,Day,Yes,T intersection,Serious injury accident,100 km/hr,No,144.69007313,-37.54649686,HUME,METROPOLITAN NORTH WEST REGION,4.0,0.0,3.0,1.0,0.0,1.0,3.0,0.0,2.0,2.0,0.0,0.0,0.0,0.0,0.0,0.0,0.0,0.0,1.0,No,0.0,2.0,0.0,2.0,0.0,0.0,RURAL_VICTORIA,RURAL_VICTORIA,HUME,METROPOLITAN NORTH WEST REGION,Metro,0.2,13.7
T20180014157,Driving accident,Finished,2018/07/27,19:00:00,Yes,Struck Pedestrian,Friday,ANY MANOEUVRE INVOLVING PED NOT INCLUDED IN DCAs 100-108.,Yes,Dark Street lights on,No,Not at intersection,Other injury accident,30km/hr,No,144.92096361,-37.67911739,HUME,METROPOLITAN NORTH WEST REGION,2.0,0.0,0.0,1.0,1.0,0.0,1.0,0.0,0.0,0.0,1.0,0.0,0.0,1.0,0.0,0.0,0.0,0.0,0.0,No,0.0,1.0,0.0,0.0,0.0,0.0,MELB_URBAN,MELB_URBAN,HUME,METROPOLITAN NORTH WEST REGION,Metro,0.0,18.8
T20170015474,Driving accident,Finished,2017/08/10,12:40:00,No,Collision with vehicle,Thursday,RIGHT NEAR (INTERSECTIONS ONLY),No,Day,Yes,T intersection,Other injury accident,60 km/hr,No,144.80434399,-37.63706391,HUME,METROPOLITAN NORTH WEST REGION,2.0,0.0,0.0,1.0,1.0,1.0,1.0,0.0,0.0,2.0,0.0,0.0,0.0,0.0,0.0,0.0,0.0,0.0,1.0,No,0.0,2.0,0.0,2.0,0.0,0.0,SMALL_TOWNS,SMALL_TOWNS,HUME,METROPOLITAN NORTH WEST REGION,Metro,0.0,18.1
T20180014317,Driving accident,Finished,2018/07/30,23:49:00,Yes,Collision with a fixed object,Monday,RIGHT OFF CARRIAGEWAY INTO OBJECT/PARKED VEHICLE,No,Dark No street lights,Yes,Not at intersection,Fatal accident,60 km/hr,Yes,144.93807646,-37.68756877,HUME,METROPOLITAN NORTH WEST REGION,1.0,1.0,0.0,0.0,0.0,1.0,0.0,0.0,0.0,1.0,0.0,0.0,0.0,0.0,0.0,0.0,0.0,0.0,1.0,No,0.0,1.0,0.0,1.0,0.0,0.0,MELB_URBAN,MELB_URBAN,HUME,METROPOLITAN NORTH WEST REGION,Metro,2.0,12.0
T20180014322,Driving accident,Finished,2018/07/30,13:15:00,No,Collision with vehicle,Monday,PARKED CAR RUN AWAY,No,Day,Yes,Multiple intersection,Other injury accident,50 km/hr,No,144.94296443,-37.61672899,HUME,METROPOLITAN NORTH WEST REGION,1.0,0.0,0.0,1.0,0.0,1.0,0.0,0.0,1.0,0.0,0.0,0.0,0.0,0.0,0.0,0.0,0.0,0.0,0.0,No,0.0,2.0,1.0,1.0,0.0,0.0,MELB_URBAN,MELB_URBAN,HUME,METROPOLITAN NORTH WEST REGION,Metro,2.0,12.0
T20180014891,Driving accident,Finished,2018/07/30,14:00:00,No,Collision with vehicle,Monday,CROSS TRAFFIC(INTERSECTIONS ONLY),No,Day,Yes,Cross intersection,Serious injury accident,80 km/hr,No,144.9287904,-37.64050924,HUME,METROPOLITAN NORTH WEST REGION,2.0,0.0,1.0,0.0,1.0,2.0,0.0,0.0,0.0,2.0,0.0,0.0,0.0,0.0,0.0,0.0,0.0,0.0,0.0,No,0.0,2.0,0.0,2.0,0.0,0.0,MELB_URBAN,MELB_URBAN,HUME,METROPOLITAN NORTH WEST REGION,Metro,2.0,12.0
T20180014371,Driving accident,Finished,2018/07/30,18:40:00,Yes,Collision with vehicle,Monday,REVERSING INTO FIXED OBJECT/PARKED VEHICLE,No,Dark Street lights on,Yes,Not at intersection,Other injury accident,50 km/hr,No,144.70560877,-37.57424602,HUME,METROPOLITAN NORTH WEST REGION,2.0,0.0,0.0,1.0,1.0,2.0,0.0,0.0,0.0,2.0,0.0,0.0,0.0,0.0,0.0,0.0,0.0,0.0,0.0,No,0.0,3.0,0.0,3.0,0.0,0.0,SMALL_CITIES,SMALL_CITIES,HUME,METROPOLITAN NORTH WEST REGION,Metro,2.0,12.0
T20180014269,Driving accident,Finished,2018/07/30,08:11:00,No,Collision with vehicle,Monday,REAR END(VEHICLES IN SAME LANE),No,Day,Yes,Not at intersection,Other injury accident,80 km/hr,No,144.92913704,-37.65411417,HUME,METROPOLITAN NORTH WEST REGION,2.0,0.0,0.0,1.0,1.0,1.0,1.0,0.0,0.0,2.0,0.0,0.0,0.0,0.0,0.0,0.0,0.0,0.0,0.0,No,0.0,2.0,0.0,2.0,0.0,0.0,MELB_URBAN,MELB_URBAN,HUME,METROPOLITAN NORTH WEST REGION,Metro,2.0,12.0
T20180014264,Driving accident,Finished,2018/07/30,06:25:00,Yes,Collision with vehicle,Sunday,RIGHT THROUGH,No,Dusk/Dawn,Yes,Cross intersection,Serious injury accident,80 km/hr,No,144.9511615,-37.64332412,HUME,METROPOLITAN NORTH WEST REGION,3.0,0.0,2.0,1.0,0.0,3.0,0.0,0.0,0.0,2.0,0.0,0.0,1.0,0.0,0.0,0.0,0.0,0.0,1.0,No,0.0,3.0,0.0,2.0,1.0,0.0,MELB_URBAN,MELB_URBAN,HUME,METROPOLITAN NORTH WEST REGION,Metro,2.0,12.0
T20180010989,Driving accident,Finished,2018/06/11,15:00:00,No,Collision with vehicle,Monday,CROSS TRAFFIC(INTERSECTIONS ONLY),No,Day,Yes,Cross intersection,Serious injury accident,Other speed limit,No,144.91238,-37.59263999,HUME,METROPOLITAN NORTH WEST REGION,3.0,0.0,1.0,0.0,2.0,1.0,2.0,0.0,1.0,2.0,0.0,0.0,0.0,0.0,0.0,0.0,0.0,0.0,1.0,No,0.0,3.0,0.0,3.0,0.0,0.0,MELB_URBAN,MELB_URBAN,HUME,METROPOLITAN NORTH WEST REGION,Metro,0.2,16.0
T20180006816,Driving accident,Finished,2018/04/10,10:00:00,No,Collision with vehicle,Tuesday,REAR END(VEHICLES IN SAME LANE),No,Day,No,Cross intersection,Other injury accident,Not known,No,144.95020983,-37.63808477,HUME,METROPOLITAN NORTH WEST REGION,2.0,0.0,0.0,1.0,1.0,0.0,2.0,0.0,0.0,2.0,0.0,0.0,0.0,0.0,0.0,0.0,0.0,0.0,0.0,No,0.0,2.0,0.0,2.0,0.0,0.0,MELB_URBAN,MELB_URBAN,HUME,METROPOLITAN NORTH WEST REGION,Metro,0.0,28.0
T20180007206,Driving accident,Unfinished,2018/04/10,17:33:00,No,Vehicle overturned (no collision),Monday,UNKNOWN-NO DETAILS ON MANOEUVRES OF ROAD-USERS IN ACCIDENT,No,Day,Yes,Unknown,Other injury accident,50 km/hr,No,144.9308264,-37.60765366,HUME,METROPOLITAN NORTH WEST REGION,2.0,0.0,0.0,1.0,1.0,1.0,0.0,0.0,0.0,0.0,0.0,0.0,0.0,2.0,0.0,0.0,0.0,0.0,0.0,No,0.0,1.0,0.0,0.0,0.0,0.0,MELB_URBAN,MELB_URBAN,HUME,METROPOLITAN NORTH WEST REGION,Metro,0.0,28.0
T20180014673,Driving accident,Finished,2018/08/04,15:15:00,Yes,No collision and no object struck,Saturday,OTHER ACCIDENTS-OFF STRAIGHT NOT INCLUDED IN DCAs 170-175,No,Day,No,Private property,Serious injury accident,Camping grounds or off road,No,144.70760023,-37.52040939,HUME,METROPOLITAN NORTH WEST REGION,2.0,0.0,1.0,1.0,0.0,2.0,0.0,0.0,0.0,0.0,0.0,0.0,0.0,2.0,0.0,0.0,0.0,0.0,0.0,No,0.0,1.0,0.0,0.0,0.0,0.0,RURAL_VICTORIA,RURAL_VICTORIA,HUME,METROPOLITAN NORTH WEST REGION,Metro,2.4,14.5
T20180014749,Driving accident,Finished,2018/08/04,23:30:00,Yes,Collision with vehicle,Friday,REAR END(VEHICLES IN SAME LANE),Yes,Dark Street lights on,No,Cross intersection,Other injury accident,60 km/hr,No,144.88310838,-37.6843412,HUME,METROPOLITAN NORTH WEST REGION,2.0,0.0,0.0,1.0,1.0,0.0,2.0,0.0,0.0,2.0,0.0,0.0,0.0,0.0,0.0,0.0,0.0,0.0,2.0,No,0.0,2.0,0.0,2.0,0.0,0.0,MELB_URBAN,MELB_URBAN,HUME,METROPOLITAN NORTH WEST REGION,Metro,2.4,14.5
T20180001991,Driving accident,Finished,2018/01/30,11:30:00,No,Collision with vehicle,Tuesday,OTHER MANOEUVRING NOT INCLUDED IN DCAs 140-148,No,Day,No,Not at intersection,Other injury accident,60 km/hr,No,144.94890061,-37.66667151,HUME,METROPOLITAN NORTH WEST REGION,3.0,0.0,0.0,1.0,2.0,3.0,0.0,0.0,1.0,2.0,0.0,0.0,0.0,0.0,0.0,0.0,0.0,0.0,0.0,No,0.0,2.0,0.0,2.0,0.0,0.0,MELB_URBAN,MELB_URBAN,HUME,METROPOLITAN NORTH WEST REGION,Metro,43.6,19.9
T20180011351,Driving accident,Finished,2018/06/15,10:08:00,No,Collision with a fixed object,Thursday,LEFT OFF CARRIAGEWAY INTO OBJECT/PARKED VEHICLE,No,Day,Yes,Not at intersection,Serious injury accident,70 km/hr,Yes,144.95814876,-37.68776285,HUME,METROPOLITAN NORTH WEST REGION,1.0,0.0,1.0,0.0,0.0,0.0,1.0,0.0,0.0,1.0,0.0,0.0,0.0,0.0,0.0,0.0,0.0,0.0,1.0,No,0.0,1.0,0.0,1.0,0.0,0.0,MELB_URBAN,MELB_URBAN,HUME,METROPOLITAN NORTH WEST REGION,Metro,0.4,13.7
T20180012486,Driving accident,Finished,2018/06/15,13:00:00,No,Collision with vehicle,Friday,RIGHT TURN SIDESWIPE,No,Day,No,Not at intersection,Serious injury accident,Not known,No,144.96480558,-37.67569095,HUME,METROPOLITAN NORTH WEST REGION,2.0,0.0,1.0,0.0,1.0,2.0,0.0,0.0,0.0,2.0,0.0,0.0,0.0,0.0,0.0,0.0,0.0,0.0,1.0,No,0.0,2.0,0.0,2.0,0.0,0.0,MELB_URBAN,MELB_URBAN,HUME,METROPOLITAN NORTH WEST REGION,Metro,0.4,13.7
T20180011225,Driving accident,Finished,2018/06/15,11:50:00,No,Collision with vehicle,Friday,REAR END(VEHICLES IN SAME LANE),No,Day,Yes,Not at intersection,Serious injury accident,60 km/hr,No,144.91620412,-37.68149163,HUME,METROPOLITAN NORTH WEST REGION,4.0,0.0,1.0,1.0,2.0,2.0,2.0,0.0,1.0,3.0,0.0,0.0,0.0,0.0,0.0,0.0,0.0,1.0,0.0,No,0.0,3.0,0.0,3.0,0.0,0.0,MELB_URBAN,MELB_URBAN,HUME,METROPOLITAN NORTH WEST REGION,Metro,0.4,13.7
T20180007138,Driving accident,Finished,2018/04/15,13:15:00,No,Collision with vehicle,Sunday,HEAD ON (NOT OVERTAKING),No,Day,Yes,Not at intersection,Serious injury accident,60 km/hr,No,144.92250816,-37.67514396,HUME,METROPOLITAN NORTH WEST REGION,7.0,0.0,1.0,0.0,6.0,0.0,2.0,0.0,4.0,3.0,0.0,0.0,0.0,0.0,0.0,0.0,0.0,0.0,0.0,No,0.0,3.0,0.0,3.0,0.0,0.0,MELB_URBAN,MELB_URBAN,HUME,METROPOLITAN NORTH WEST REGION,Metro,5.8,19.6
T20180007126,Driving accident,Finished,2018/04/15,18:45:00,Yes,Collision with vehicle,Sunday,CROSS TRAFFIC(INTERSECTIONS ONLY),No,Dark Street lights on,Yes,Cross intersection,Other injury accident,60 km/hr,No,144.90523586,-37.59325553,HUME,METROPOLITAN NORTH WEST REGION,2.0,0.0,0.0,1.0,1.0,1.0,1.0,0.0,0.0,2.0,0.0,0.0,0.0,0.0,0.0,0.0,0.0,0.0,1.0,No,0.0,2.0,0.0,2.0,0.0,0.0,MELB_URBAN,MELB_URBAN,HUME,METROPOLITAN NORTH WEST REGION,Metro,5.8,19.6
T20180008122,Driving accident,Finished,2018/04/15,16:30:00,Yes,Collision with vehicle,Sunday,HEAD ON (NOT OVERTAKING),No,Day,Yes,T intersection,Other injury accident,50 km/hr,No,144.9691844,-37.67949955,HUME,METROPOLITAN NORTH WEST REGION,2.0,0.0,0.0,1.0,1.0,1.0,1.0,0.0,0.0,2.0,0.0,0.0,0.0,0.0,0.0,0.0,0.0,0.0,0.0,No,0.0,2.0,0.0,2.0,0.0,0.0,MELB_URBAN,MELB_URBAN,HUME,METROPOLITAN NORTH WEST REGION,Metro,5.8,19.6
T20180011713,Driving accident,Finished,2018/06/22,15:47:00,No,Collision with vehicle,Friday,LEFT TURN SIDESWIPE,No,Day,Yes,T intersection,Serious injury accident,60 km/hr,No,144.93099321,-37.68670419,HUME,METROPOLITAN NORTH WEST REGION,2.0,0.0,1.0,0.0,1.0,2.0,0.0,0.0,0.0,1.0,0.0,0.0,1.0,0.0,0.0,0.0,0.0,0.0,0.0,No,0.0,2.0,0.0,1.0,1.0,0.0,MELB_URBAN,MELB_URBAN,HUME,METROPOLITAN NORTH WEST REGION,Metro,0.0,15.0
T20180011723,Driving accident,Finished,2018/06/22,15:25:00,No,Collision with vehicle,Thursday,CROSS TRAFFIC(INTERSECTIONS ONLY),No,Day,Yes,Cross intersection,Serious injury accident,50 km/hr,No,144.92333042,-37.69128384,HUME,METROPOLITAN NORTH WEST REGION,4.0,0.0,2.0,0.0,2.0,3.0,1.0,0.0,2.0,2.0,0.0,0.0,0.0,0.0,0.0,0.0,0.0,0.0,1.0,No,0.0,2.0,0.0,2.0,0.0,0.0,MELB_URBAN,MELB_URBAN,HUME,METROPOLITAN NORTH WEST REGION,Metro,0.0,15.0
T20180011849,Driving accident,Finished,2018/06/24,18:50:00,No,Struck Pedestrian,Sunday,PED EMERGES FROM IN FRONT OF PARKED OR STATIONARY VEHICLE,No,Dark Street lights on,Yes,Not at intersection,Other injury accident,40 km/hr,No,144.85087118,-37.6693719,HUME,METROPOLITAN NORTH WEST REGION,3.0,0.0,0.0,2.0,1.0,3.0,0.0,0.0,0.0,1.0,2.0,0.0,0.0,0.0,0.0,0.0,0.0,0.0,0.0,No,0.0,1.0,0.0,1.0,0.0,0.0,MELB_URBAN,MELB_URBAN,HUME,METROPOLITAN NORTH WEST REGION,Metro,0.2,12.3
T20180011847,Driving accident,Finished,2018/06/24,18:55:00,Yes,Collision with a fixed object,Sunday,LEFT OFF CARRIAGEWAY INTO OBJECT/PARKED VEHICLE,No,Dark Street lights on,Yes,Not at intersection,Other injury accident,Other speed limit,Yes,144.92474941,-37.66135397,HUME,METROPOLITAN NORTH WEST REGION,4.0,0.0,0.0,1.0,3.0,2.0,2.0,0.0,3.0,1.0,0.0,0.0,0.0,0.0,0.0,0.0,0.0,0.0,1.0,No,0.0,1.0,0.0,1.0,0.0,0.0,MELB_URBAN,MELB_URBAN,HUME,METROPOLITAN NORTH WEST REGION,Metro,0.2,12.3
T20180011854,Driving accident,Finished,2018/06/24,15:24:00,No,Collision with a fixed object,Sunday,OUT OF CONTROL (OVERTAKING),No,Day,Yes,Not at intersection,Other injury accident,50 km/hr,Yes,144.92123797,-37.650062,HUME,METROPOLITAN NORTH WEST REGION,2.0,0.0,0.0,1.0,1.0,2.0,0.0,0.0,0.0,2.0,0.0,0.0,0.0,0.0,0.0,0.0,0.0,0.0,1.0,No,0.0,2.0,0.0,2.0,0.0,0.0,MELB_URBAN,MELB_URBAN,HUME,METROPOLITAN NORTH WEST REGION,Metro,0.2,12.3
T20170016446,Driving accident,Finished,2017/08/23,15:30:00,No,Collision with vehicle,Wednesday,RIGHT THROUGH,No,Day,Yes,Cross intersection,Serious injury accident,50 km/hr,No,144.96715502,-37.66832997,HUME,METROPOLITAN NORTH WEST REGION,6.0,0.0,1.0,0.0,5.0,5.0,1.0,0.0,3.0,3.0,0.0,0.0,0.0,0.0,0.0,0.0,0.0,0.0,0.0,No,0.0,3.0,0.0,2.0,0.0,0.0,MELB_URBAN,MELB_URBAN,HUME,METROPOLITAN NORTH WEST REGION,Metro,0.0,17.5