ACCIDENT_NO,ABS_CODE,ACCIDENT_STATUS,Date,ACCIDENT_TIME,ALCOHOLTIME,ACCIDENT_TYPE,DAY_OF_WEEK,DCA_CODE,HIT_RUN_FLAG,LIGHT_CONDITION,POLICE_ATTEND,ROAD_GEOMETRY,SEVERITY,SPEED_ZONE,RUN_OFFROAD,LONGITUDE,LATITUDE,LGA_NAME,REGION_NAME,TOTAL_PERSONS,FATALITY,SERIOUSINJURY,OTHERINJURY,NONINJURED,MALES,FEMALES,BICYCLIST,PASSENGER,DRIVER,PEDESTRIAN,PILLION,MOTORIST,UNKNOWN,PED_CYCLIST_5_12,PED_CYCLIST_13_18,OLD_PEDESTRIAN,OLD_DRIVER,YOUNG_DRIVER,ALCOHOL_RELATED,UNLICENCSED,NO_OF_VEHICLES,HEAVYVEHICLE,PASSENGERVEHICLE,MOTORCYCLE,PUBLICVEHICLE,DEG_URBAN_NAME,DEG_URBAN_ALL,LGA_NAME_ALL,REGION_NAME_ALL,STAT_DIV_NAME,Rainfall amount (millimetres),Maximum temperature (Degree C)
T20190005943,Driving accident,Finished,2019/03/27,18:00:00,Yes,Collision with vehicle,Tuesday,REAR END(VEHICLES IN SAME LANE),No,Day,Yes,T intersection,Other injury accident,60 km/hr,No,144.92373503,-37.62499089,HUME,METROPOLITAN NORTH WEST REGION,2.0,0.0,0.0,1.0,1.0,1.0,1.0,0.0,0.0,2.0,0.0,0.0,0.0,0.0,0.0,0.0,0.0,0.0,0.0,No,0.0,2.0,0.0,2.0,0.0,0.0,MELB_URBAN,MELB_URBAN,HUME,METROPOLITAN NORTH WEST REGION,Metro,0.0,23.1
T20190005812,Driving accident,Finished,2019/03/27,16:05:00,No,Collision with vehicle,Tuesday,REAR END(VEHICLES IN SAME LANE),No,Day,No,Not at intersection,Other injury accident,70 km/hr,No,144.95707995,-37.6813077,HUME,METROPOLITAN NORTH WEST REGION,3.0,0.0,0.0,1.0,2.0,3.0,0.0,0.0,1.0,2.0,0.0,0.0,0.0,0.0,0.0,0.0,0.0,0.0,0.0,No,0.0,2.0,0.0,2.0,0.0,0.0,MELB_URBAN,MELB_URBAN,HUME,METROPOLITAN NORTH WEST REGION,Metro,0.0,23.1
T20190002466,Driving accident,Finished,2019/02/08,16:48:00,Yes,Collision with vehicle,Friday,RIGHT THROUGH,No,Day,Yes,Not at intersection,Other injury accident,70 km/hr,No,144.95920774,-37.68972776,HUME,METROPOLITAN NORTH WEST REGION,2.0,0.0,0.0,1.0,1.0,2.0,0.0,0.0,0.0,2.0,0.0,0.0,0.0,0.0,0.0,0.0,0.0,0.0,1.0,No,0.0,2.0,0.0,2.0,0.0,0.0,MELB_URBAN,MELB_URBAN,HUME,METROPOLITAN NORTH WEST REGION,Metro,0.4,24.6
T20190002474,Driving accident,Finished,2019/02/08,16:05:00,Yes,Struck Pedestrian,Friday,PED NEAR SIDE. PED HIT BY VEHICLE FROM THE RIGHT.,Yes,Day,Yes,Not at intersection,Serious injury accident,Camping grounds or off road,No,144.93163797,-37.63179641,HUME,METROPOLITAN NORTH WEST REGION,2.0,0.0,1.0,0.0,1.0,1.0,0.0,0.0,0.0,0.0,1.0,0.0,0.0,1.0,0.0,0.0,0.0,0.0,0.0,No,0.0,1.0,0.0,0.0,0.0,0.0,MELB_URBAN,MELB_URBAN,HUME,METROPOLITAN NORTH WEST REGION,Metro,0.4,24.6
T20190005049,Driving accident,Finished,2019/03/16,18:00:00,Yes,Collision with vehicle,Friday,RIGHT NEAR (INTERSECTIONS ONLY),Yes,Dusk/Dawn,Yes,T intersection,Other injury accident,60 km/hr,No,144.93987039,-37.66580831,HUME,METROPOLITAN NORTH WEST REGION,2.0,0.0,0.0,1.0,1.0,1.0,0.0,0.0,0.0,2.0,0.0,0.0,0.0,0.0,0.0,0.0,0.0,0.0,1.0,No,0.0,2.0,0.0,2.0,0.0,0.0,MELB_URBAN,MELB_URBAN,HUME,METROPOLITAN NORTH WEST REGION,Metro,0.0,28.8
T20190006535,Driving accident,Finished,2019/04/06,17:21:00,Yes,Collision with vehicle,Friday,HEAD ON(OVERTAKING),No,Day,Yes,Not at intersection,Other injury accident,60 km/hr,No,144.95427655,-37.66720948,HUME,METROPOLITAN NORTH WEST REGION,2.0,0.0,0.0,2.0,0.0,2.0,0.0,0.0,0.0,2.0,0.0,0.0,0.0,0.0,0.0,0.0,0.0,0.0,1.0,No,0.0,2.0,0.0,2.0,0.0,0.0,MELB_URBAN,MELB_URBAN,HUME,METROPOLITAN NORTH WEST REGION,Metro,0.0,22.5
T20190005334,Driving accident,Finished,2019/03/20,21:01:00,Yes,Collision with vehicle,Wednesday,CROSS TRAFFIC(INTERSECTIONS ONLY),No,Dark Street lights on,Yes,Cross intersection,Other injury accident,60 km/hr,No,144.71013601,-37.5784371,HUME,METROPOLITAN NORTH WEST REGION,2.0,0.0,0.0,2.0,0.0,0.0,2.0,0.0,0.0,2.0,0.0,0.0,0.0,0.0,0.0,0.0,0.0,0.0,1.0,No,0.0,2.0,0.0,2.0,0.0,0.0,SMALL_CITIES,SMALL_CITIES,HUME,METROPOLITAN NORTH WEST REGION,Metro,0.6,25.1
T20190005758,Driving accident,Finished,2019/03/25,14:45:00,No,Collision with vehicle,Sunday,REAR END(VEHICLES IN SAME LANE),No,Day,No,Not at intersection,Other injury accident,80 km/hr,No,144.95209203,-37.64726749,HUME,METROPOLITAN NORTH WEST REGION,3.0,0.0,0.0,1.0,2.0,2.0,1.0,0.0,0.0,3.0,0.0,0.0,0.0,0.0,0.0,0.0,0.0,0.0,1.0,No,0.0,3.0,0.0,3.0,0.0,0.0,MELB_URBAN,MELB_URBAN,HUME,METROPOLITAN NORTH WEST REGION,Metro,0.0,19.6
T20190002670,Driving accident,Finished,2019/02/12,08:55:00,No,Collision with vehicle,Tuesday,REAR END(VEHICLES IN SAME LANE),No,Day,Yes,T intersection,Other injury accident,60 km/hr,No,144.70834372,-37.57827042,HUME,METROPOLITAN NORTH WEST REGION,4.0,0.0,0.0,1.0,3.0,2.0,2.0,0.0,2.0,2.0,0.0,0.0,0.0,0.0,0.0,0.0,0.0,0.0,0.0,No,0.0,2.0,0.0,2.0,0.0,0.0,SMALL_CITIES,SMALL_CITIES,HUME,METROPOLITAN NORTH WEST REGION,Metro,0.0,21.9
T20190002755,Driving accident,Finished,2019/02/12,17:00:00,No,Struck Pedestrian,Tuesday,PED NEAR SIDE. PED HIT BY VEHICLE FROM THE RIGHT.,No,Day,No,Not at intersection,Other injury accident,Not known,No,144.88596599,-37.68917617,HUME,METROPOLITAN NORTH WEST REGION,2.0,0.0,0.0,1.0,1.0,1.0,1.0,0.0,0.0,1.0,1.0,0.0,0.0,0.0,0.0,0.0,0.0,0.0,0.0,No,0.0,1.0,0.0,1.0,0.0,0.0,MELB_URBAN,MELB_URBAN,HUME,METROPOLITAN NORTH WEST REGION,Metro,0.0,21.9
T20190007158,Driving accident,Finished,2019/03/28,16:10:00,No,Collision with vehicle,Wednesday,REVERSING IN STREAM OF TRAFFIC,No,Day,No,Not at intersection,Other injury accident,50 km/hr,No,144.9643973,-37.68050211,HUME,METROPOLITAN NORTH WEST REGION,3.0,0.0,0.0,1.0,2.0,1.0,2.0,0.0,0.0,3.0,0.0,0.0,0.0,0.0,0.0,0.0,0.0,0.0,0.0,No,0.0,3.0,0.0,2.0,0.0,0.0,MELB_URBAN,MELB_URBAN,HUME,METROPOLITAN NORTH WEST REGION,Metro,0.0,28.6
T20190005901,Driving accident,Finished,2019/03/28,20:24:00,Yes,Collision with vehicle,Thursday,REAR END(VEHICLES IN SAME LANE),No,Dark No street lights,Yes,Not at intersection,Serious injury accident,80 km/hr,No,144.82365597,-37.62821711,HUME,METROPOLITAN NORTH WEST REGION,2.0,0.0,1.0,0.0,1.0,1.0,1.0,0.0,0.0,2.0,0.0,0.0,0.0,0.0,0.0,0.0,0.0,0.0,1.0,No,0.0,2.0,0.0,2.0,0.0,0.0,RURAL_VICTORIA,RURAL_VICTORIA,HUME,METROPOLITAN NORTH WEST REGION,Metro,0.0,28.6
T20190007332,Driving accident,Finished,2019/04/17,18:26:00,Yes,Struck Pedestrian,Wednesday,FAR SIDE. PED HIT BY VEHICLE FROM THE LEFT,Yes,Dark Street lights on,Yes,Not at intersection,Serious injury accident,50 km/hr,No,144.92051445,-37.67770625,HUME,METROPOLITAN NORTH WEST REGION,2.0,0.0,1.0,0.0,1.0,1.0,0.0,0.0,0.0,0.0,1.0,0.0,0.0,1.0,0.0,0.0,0.0,0.0,0.0,No,0.0,1.0,0.0,0.0,0.0,0.0,MELB_URBAN,MELB_URBAN,HUME,METROPOLITAN NORTH WEST REGION,Metro,0.0,31.1
T20180016455,Driving accident,Finished,2018/08/31,16:00:00,Yes,Collision with vehicle,Friday,CROSS TRAFFIC(INTERSECTIONS ONLY),No,Day,Yes,Cross intersection,Other injury accident,80 km/hr,No,144.95227704,-37.65105823,HUME,METROPOLITAN NORTH WEST REGION,2.0,0.0,0.0,1.0,1.0,2.0,0.0,0.0,0.0,2.0,0.0,0.0,0.0,0.0,0.0,0.0,0.0,0.0,0.0,No,0.0,2.0,0.0,2.0,0.0,0.0,MELB_URBAN,MELB_URBAN,HUME,METROPOLITAN NORTH WEST REGION,Metro,0.6,16.1
T20190007632,Driving accident,Finished,2019/04/23,06:35:00,No,Collision with vehicle,Tuesday,LANE CHANGE LEFT (NOT OVERTAKING),Yes,Dusk/Dawn,Yes,Not at intersection,Serious injury accident,110 km/hr,No,144.94969106,-37.51225752,HUME,METROPOLITAN NORTH WEST REGION,2.0,0.0,1.0,0.0,1.0,0.0,1.0,0.0,0.0,1.0,0.0,0.0,0.0,1.0,0.0,0.0,0.0,0.0,0.0,No,0.0,2.0,0.0,1.0,0.0,0.0,RURAL_VICTORIA,RURAL_VICTORIA,HUME,METROPOLITAN NORTH WEST REGION,Metro,0.0,19.1
T20190006640,Driving accident,Finished,2019/04/08,11:10:00,No,Collision with vehicle,Sunday,REAR END(VEHICLES IN SAME LANE),No,Day,Yes,Not at intersection,Other injury accident,100 km/hr,No,144.95250836,-37.69200408,HUME,METROPOLITAN NORTH WEST REGION,4.0,0.0,0.0,1.0,3.0,4.0,0.0,0.0,0.0,4.0,0.0,0.0,0.0,0.0,0.0,0.0,0.0,0.0,0.0,No,0.0,4.0,0.0,0.0,0.0,0.0,MELB_URBAN,MELB_URBAN,HUME,METROPOLITAN NORTH WEST REGION,Metro,0.0,23.5
T20190003598,Driving accident,Finished,2019/02/24,11:30:00,No,Collision with vehicle,Sunday,VEHICLE COLLIDES WITH VEHICLE PARKED ON LEFT OF ROAD,No,Day,Yes,Not at intersection,Serious injury accident,50 km/hr,No,144.9000468,-37.57042517,HUME,METROPOLITAN NORTH WEST REGION,3.0,0.0,2.0,1.0,0.0,1.0,2.0,0.0,2.0,1.0,0.0,0.0,0.0,0.0,0.0,0.0,0.0,0.0,0.0,No,0.0,2.0,0.0,2.0,0.0,0.0,RURAL_VICTORIA,RURAL_VICTORIA,HUME,METROPOLITAN NORTH WEST REGION,Metro,0.0,33.8
T20190004642,Driving accident,Finished,2019/03/11,11:46:00,No,Collision with vehicle,Monday,CROSS TRAFFIC(INTERSECTIONS ONLY),No,Day,Yes,Cross intersection,Other injury accident,70 km/hr,No,144.95797532,-37.68946141,HUME,METROPOLITAN NORTH WEST REGION,7.0,0.0,0.0,5.0,2.0,4.0,2.0,0.0,3.0,4.0,0.0,0.0,0.0,0.0,0.0,0.0,0.0,0.0,1.0,No,0.0,4.0,0.0,4.0,0.0,0.0,MELB_URBAN,MELB_URBAN,HUME,METROPOLITAN NORTH WEST REGION,Metro,0.8,24.4
T20190005947,Driving accident,Finished,2019/03/11,07:24:00,No,Collision with vehicle,Monday,REAR END(VEHICLES IN SAME LANE),No,Day,No,Not at intersection,Other injury accident,60 km/hr,No,144.92668234,-37.68608837,HUME,METROPOLITAN NORTH WEST REGION,2.0,0.0,0.0,1.0,1.0,1.0,1.0,0.0,0.0,2.0,0.0,0.0,0.0,0.0,0.0,0.0,0.0,0.0,0.0,No,0.0,2.0,0.0,2.0,0.0,0.0,MELB_URBAN,MELB_URBAN,HUME,METROPOLITAN NORTH WEST REGION,Metro,0.8,24.4
T20190004638,Driving accident,Finished,2019/03/11,11:18:00,No,Struck Pedestrian,Sunday,PED NEAR SIDE. PED HIT BY VEHICLE FROM THE RIGHT.,No,Day,Yes,Cross intersection,Other injury accident,50 km/hr,No,144.7293329,-37.57972966,HUME,METROPOLITAN NORTH WEST REGION,2.0,0.0,0.0,1.0,1.0,1.0,1.0,0.0,0.0,1.0,1.0,0.0,0.0,0.0,0.0,0.0,0.0,0.0,0.0,No,0.0,1.0,0.0,1.0,0.0,0.0,SMALL_CITIES,SMALL_CITIES,HUME,METROPOLITAN NORTH WEST REGION,Metro,0.8,24.4
T20190003766,Driving accident,Finished,2019/02/26,17:30:00,No,Collision with vehicle,Tuesday,LEFT NEAR (INTERSECTIONS ONLY),No,Day,Yes,T intersection,Other injury accident,60 km/hr,No,144.71309498,-37.57448857,HUME,METROPOLITAN NORTH WEST REGION,2.0,0.0,0.0,1.0,1.0,2.0,0.0,1.0,0.0,1.0,0.0,0.0,0.0,0.0,0.0,0.0,0.0,0.0,1.0,No,0.0,2.0,0.0,1.0,0.0,0.0,SMALL_CITIES,SMALL_CITIES,HUME,METROPOLITAN NORTH WEST REGION,Metro,0.0,25.1
T20190003774,Driving accident,Finished,2019/02/26,06:15:00,No,Collision with vehicle,Tuesday,RIGHT THROUGH,No,Dusk/Dawn,Yes,Cross intersection,Serious injury accident,60 km/hr,No,144.91341687,-37.61644603,HUME,METROPOLITAN NORTH WEST REGION,3.0,0.0,1.0,2.0,0.0,2.0,1.0,0.0,1.0,2.0,0.0,0.0,0.0,0.0,0.0,0.0,0.0,0.0,0.0,No,0.0,2.0,0.0,1.0,0.0,0.0,RURAL_VICTORIA,RURAL_VICTORIA,HUME,METROPOLITAN NORTH WEST REGION,Metro,0.0,25.1
T20190003732,Driving accident,Finished,2019/02/26,08:52:00,No,Struck Pedestrian,Tuesday,PED NEAR SIDE. PED HIT BY VEHICLE FROM THE RIGHT.,No,Day,Yes,T intersection,Serious injury accident,40 km/hr,No,144.92841245,-37.67938995,HUME,METROPOLITAN NORTH WEST REGION,2.0,0.0,1.0,0.0,1.0,1.0,1.0,0.0,0.0,1.0,1.0,0.0,0.0,0.0,0.0,0.0,0.0,0.0,0.0,No,0.0,1.0,0.0,1.0,0.0,0.0,MELB_URBAN,MELB_URBAN,HUME,METROPOLITAN NORTH WEST REGION,Metro,0.0,25.1
T20180017125,Driving accident,Finished,2018/09/10,18:20:00,Yes,Collision with vehicle,Monday,VEHICLE STRIKES ANOTHER VEH WHILE EMERGING FROM DRIVEWAY,No,Dusk/Dawn,Yes,Not at intersection,Fatal accident,80 km/hr,No,144.80548671,-37.55133416,HUME,METROPOLITAN NORTH WEST REGION,3.0,1.0,0.0,0.0,2.0,3.0,0.0,0.0,1.0,2.0,0.0,0.0,0.0,0.0,0.0,0.0,0.0,0.0,1.0,No,1.0,2.0,0.0,2.0,0.0,0.0,RURAL_VICTORIA,RURAL_VICTORIA,HUME,METROPOLITAN NORTH WEST REGION,Metro,0.0,18.0
T20190007419,Driving accident,Finished,2019/04/19,00:32:00,Yes,Collision with vehicle,Friday,HEAD ON (NOT OVERTAKING),No,Dark No street lights,Yes,Not at intersection,Serious injury accident,80 km/hr,No,144.88252105,-37.6013206,HUME,METROPOLITAN NORTH WEST REGION,5.0,0.0,1.0,4.0,0.0,1.0,2.0,0.0,3.0,2.0,0.0,0.0,0.0,0.0,0.0,0.0,0.0,0.0,1.0,No,0.0,2.0,0.0,2.0,0.0,0.0,RURAL_VICTORIA,RURAL_VICTORIA,HUME,METROPOLITAN NORTH WEST REGION,Metro,0.0,22.7
T20190004026,Driving accident,Finished,2019/03/02,04:45:00,Yes,Collision with a fixed object,Friday,OTHER MANOEUVRING NOT INCLUDED IN DCAs 140-148,No,Dark Street lights on,Yes,Not at intersection,Other injury accident,Not known,No,144.93473003,-37.63785302,HUME,METROPOLITAN NORTH WEST REGION,1.0,0.0,0.0,1.0,0.0,1.0,0.0,0.0,0.0,1.0,0.0,0.0,0.0,0.0,0.0,0.0,0.0,0.0,1.0,No,0.0,1.0,0.0,1.0,0.0,0.0,MELB_URBAN,MELB_URBAN,HUME,METROPOLITAN NORTH WEST REGION,Metro,0.0,36.9
T20190005111,Driving accident,Finished,2019/03/17,22:25:00,Yes,Collision with vehicle,Sunday,LANE CHANGE LEFT (NOT OVERTAKING),No,Dark Street lights on,Yes,T intersection,Serious injury accident,80 km/hr,No,144.88095407,-37.63989313,HUME,METROPOLITAN NORTH WEST REGION,2.0,0.0,1.0,0.0,1.0,2.0,0.0,0.0,0.0,1.0,0.0,0.0,1.0,0.0,0.0,0.0,0.0,0.0,1.0,No,0.0,2.0,0.0,1.0,1.0,0.0,RURAL_VICTORIA,RURAL_VICTORIA,HUME,METROPOLITAN NORTH WEST REGION,Metro,0.0,28.4
T20190005100,Driving accident,Finished,2019/03/17,18:08:00,No,Collision with vehicle,Sunday,RIGHT FAR (INTERSECTIONS ONLY),No,Day,Yes,T intersection,Other injury accident,50 km/hr,No,144.92597235,-37.690351,HUME,METROPOLITAN NORTH WEST REGION,2.0,0.0,0.0,1.0,1.0,0.0,2.0,0.0,0.0,2.0,0.0,0.0,0.0,0.0,0.0,0.0,0.0,0.0,0.0,No,0.0,3.0,0.0,3.0,0.0,0.0,MELB_URBAN,MELB_URBAN,HUME,METROPOLITAN NORTH WEST REGION,Metro,0.0,28.4
T20190008143,Driving accident,Finished,2019/05/01,01:15:00,Yes,Vehicle overturned (no collision),Wednesday,OFF CARRIAGEWAY TO RIGHT,No,Dark No street lights,Yes,Not at intersection,Fatal accident,100 km/hr,Yes,144.74282878,-37.65986329,HUME,METROPOLITAN NORTH WEST REGION,2.0,1.0,0.0,1.0,0.0,2.0,0.0,0.0,1.0,1.0,0.0,0.0,0.0,0.0,0.0,0.0,0.0,0.0,0.0,No,0.0,1.0,0.0,1.0,0.0,0.0,RURAL_VICTORIA,RURAL_VICTORIA,HUME,METROPOLITAN NORTH WEST REGION,Metro,0.0,22.0
T20190009117,Driving accident,Finished,2019/05/08,08:15:00,No,Collision with vehicle,Wednesday,REAR END(VEHICLES IN SAME LANE),No,Day,No,Not at intersection,Other injury accident,60 km/hr,No,144.73155651,-37.57686886,HUME,METROPOLITAN NORTH WEST REGION,2.0,0.0,0.0,1.0,1.0,0.0,2.0,0.0,0.0,2.0,0.0,0.0,0.0,0.0,0.0,0.0,0.0,0.0,1.0,No,0.0,2.0,0.0,2.0,0.0,0.0,SMALL_CITIES,SMALL_CITIES,HUME,METROPOLITAN NORTH WEST REGION,Metro,3.6,16.8
T20190009191,Driving accident,Finished,2019/05/08,14:00:00,No,Collision with vehicle,Wednesday,REAR END(VEHICLES IN SAME LANE),No,Day,No,Not at intersection,Other injury accident,60 km/hr,No,144.93025803,-37.59790257,HUME,METROPOLITAN NORTH WEST REGION,3.0,0.0,0.0,1.0,2.0,0.0,3.0,0.0,1.0,2.0,0.0,0.0,0.0,0.0,0.0,0.0,0.0,0.0,0.0,No,0.0,2.0,0.0,2.0,0.0,0.0,MELB_URBAN,MELB_URBAN,HUME,METROPOLITAN NORTH WEST REGION,Metro,3.6,16.8
T20190008718,Driving accident,Finished,2019/05/08,21:10:00,Yes,Collision with vehicle,Tuesday,REAR END(VEHICLES IN SAME LANE),No,Dark Street lights on,Yes,Not at intersection,Other injury accident,60 km/hr,No,144.92378725,-37.66396264,HUME,METROPOLITAN NORTH WEST REGION,3.0,0.0,0.0,2.0,1.0,3.0,0.0,0.0,0.0,3.0,0.0,0.0,0.0,0.0,0.0,0.0,0.0,0.0,0.0,No,0.0,3.0,0.0,3.0,0.0,0.0,MELB_URBAN,MELB_URBAN,HUME,METROPOLITAN NORTH WEST REGION,Metro,3.6,16.8
T20190009156,Driving accident,Finished,2019/05/15,20:30:00,Yes,Collision with a fixed object,Wednesday,LEFT OFF CARRIAGEWAY INTO OBJECT/PARKED VEHICLE,No,Dark Street lights on,Yes,Not at intersection,Other injury accident,60 km/hr,Yes,144.92917291,-37.60366996,HUME,METROPOLITAN NORTH WEST REGION,1.0,0.0,0.0,1.0,0.0,1.0,0.0,0.0,0.0,1.0,0.0,0.0,0.0,0.0,0.0,0.0,0.0,0.0,0.0,No,0.0,1.0,0.0,0.0,0.0,0.0,MELB_URBAN,MELB_URBAN,HUME,METROPOLITAN NORTH WEST REGION,Metro,0.0,16.1
T20180018946,Driving accident,Finished,2018/10/09,13:07:00,No,Collision with vehicle,Tuesday,HEAD ON (NOT OVERTAKING),No,Day,Yes,Not at intersection,Other injury accident,50 km/hr,No,144.92135797,-37.58398415,HUME,METROPOLITAN NORTH WEST REGION,2.0,0.0,0.0,1.0,1.0,1.0,1.0,0.0,0.0,2.0,0.0,0.0,0.0,0.0,0.0,0.0,0.0,0.0,1.0,No,0.0,2.0,0.0,2.0,0.0,0.0,MELB_URBAN,MELB_URBAN,HUME,METROPOLITAN NORTH WEST REGION,Metro,0.2,16.4
T20190005557,Driving accident,Finished,2019/03/23,18:13:00,Yes,Fall from or in moving vehicle,Saturday,OTHER ACCIDENTS-OFF STRAIGHT NOT INCLUDED IN DCAs 170-175,No,Dusk/Dawn,No,Cross intersection,Other injury accident,Not known,No,144.88343215,-37.60520108,HUME,METROPOLITAN NORTH WEST REGION,1.0,0.0,0.0,1.0,0.0,1.0,0.0,1.0,0.0,0.0,0.0,0.0,0.0,0.0,0.0,0.0,0.0,0.0,0.0,No,0.0,1.0,0.0,0.0,0.0,0.0,RURAL_VICTORIA,RURAL_VICTORIA,HUME,METROPOLITAN NORTH WEST REGION,Metro,0.0,31.5
T20190005599,Driving accident,Finished,2019/03/24,17:40:00,Yes,Collision with a fixed object,Sunday,LEFT OFF CARRIAGEWAY INTO OBJECT/PARKED VEHICLE,No,Day,Yes,Not at intersection,Serious injury accident,50 km/hr,Yes,144.9328174,-37.57457421,HUME,METROPOLITAN NORTH WEST REGION,3.0,0.0,2.0,0.0,1.0,1.0,2.0,0.0,2.0,1.0,0.0,0.0,0.0,0.0,0.0,0.0,0.0,0.0,0.0,No,0.0,1.0,0.0,1.0,0.0,0.0,MELB_URBAN,MELB_URBAN,HUME,METROPOLITAN NORTH WEST REGION,Metro,0.8,30.6
T20190009936,Driving accident,Finished,2019/05/27,15:40:00,No,Struck Pedestrian,Sunday,PED STRUCK WALKING TO/FROM OR BOARDING/ALIGHTING VEHICLE.,No,Day,Yes,Private property,Other injury accident,Camping grounds or off road,No,144.73233171,-37.600582,HUME,METROPOLITAN NORTH WEST REGION,5.0,0.0,0.0,1.0,4.0,1.0,3.0,0.0,2.0,1.0,1.0,0.0,0.0,1.0,0.0,1.0,0.0,0.0,0.0,No,0.0,1.0,0.0,1.0,0.0,0.0,SMALL_CITIES,SMALL_CITIES,HUME,METROPOLITAN NORTH WEST REGION,Metro,6.2,13.1
T20190010036,Driving accident,Finished,2019/05/28,18:05:00,Yes,Collision with vehicle,Tuesday,REAR END(VEHICLES IN SAME LANE),No,Dark Street lights on,Yes,Not at intersection,Serious injury accident,80 km/hr,No,144.91295222,-37.69385259,HUME,METROPOLITAN NORTH WEST REGION,2.0,0.0,1.0,0.0,1.0,2.0,0.0,0.0,0.0,2.0,0.0,0.0,0.0,0.0,0.0,0.0,0.0,1.0,0.0,No,0.0,2.0,0.0,2.0,0.0,0.0,MELB_URBAN,MELB_URBAN,HUME,METROPOLITAN NORTH WEST REGION,Metro,0.4,15.4
T20190009313,Driving accident,Finished,2019/05/02,15:30:00,No,Collision with vehicle,Wednesday,REAR END(VEHICLES IN SAME LANE),No,Unk.,No,Not at intersection,Other injury accident,50 km/hr,No,144.85198073,-37.67328311,HUME,METROPOLITAN NORTH WEST REGION,2.0,0.0,0.0,1.0,1.0,2.0,0.0,0.0,0.0,2.0,0.0,0.0,0.0,0.0,0.0,0.0,0.0,0.0,0.0,No,0.0,2.0,0.0,2.0,0.0,0.0,MELB_URBAN,MELB_URBAN,HUME,METROPOLITAN NORTH WEST REGION,Metro,5.2,20.3
T20190008227,Driving accident,Finished,2019/05/02,07:48:00,No,Collision with vehicle,Wednesday,HEAD ON (NOT OVERTAKING),No,Day,Yes,Not at intersection,Serious injury accident,100 km/hr,No,144.77010861,-37.50183934,HUME,METROPOLITAN NORTH WEST REGION,2.0,0.0,1.0,0.0,1.0,2.0,0.0,0.0,0.0,2.0,0.0,0.0,0.0,0.0,0.0,0.0,0.0,0.0,1.0,No,1.0,2.0,0.0,2.0,0.0,0.0,RURAL_VICTORIA,RURAL_VICTORIA,"HUME,MACEDON RANGES","NORTHERN REGION,METROPOLITAN NORTH WEST REGION",Metro,5.2,20.3
T20190006760,Driving accident,Finished,2019/04/09,18:51:00,Yes,Collision with vehicle,Tuesday,RIGHT THROUGH,No,Dark Street lights on,Not known,Not at intersection,Other injury accident,60 km/hr,No,144.91355485,-37.61642201,HUME,METROPOLITAN NORTH WEST REGION,2.0,0.0,0.0,1.0,1.0,0.0,2.0,0.0,0.0,2.0,0.0,0.0,0.0,0.0,0.0,0.0,0.0,0.0,0.0,No,0.0,2.0,0.0,2.0,0.0,0.0,RURAL_VICTORIA,RURAL_VICTORIA,HUME,METROPOLITAN NORTH WEST REGION,Metro,1.2,17.1
T20190009558,Driving accident,Finished,2019/05/22,01:39:00,Yes,Collision with vehicle,Wednesday,U TURN,No,Dark Street lights on,Yes,T intersection,Serious injury accident,80 km/hr,No,144.92242553,-37.6624312,HUME,METROPOLITAN NORTH WEST REGION,3.0,0.0,2.0,1.0,0.0,3.0,0.0,0.0,1.0,2.0,0.0,0.0,0.0,0.0,0.0,0.0,0.0,0.0,2.0,No,0.0,2.0,0.0,2.0,0.0,0.0,MELB_URBAN,MELB_URBAN,HUME,METROPOLITAN NORTH WEST REGION,Metro,0.0,21.8
T20190010745,Driving accident,Finished,2019/06/08,15:55:00,No,Collision with a fixed object,Friday,RIGHT OFF CARRIAGEWAY INTO OBJECT/PARKED VEHICLE,No,Day,Yes,T intersection,Serious injury accident,80 km/hr,Yes,144.75868098,-37.59683233,HUME,METROPOLITAN NORTH WEST REGION,2.0,0.0,1.0,0.0,1.0,2.0,0.0,0.0,0.0,2.0,0.0,0.0,0.0,0.0,0.0,0.0,0.0,1.0,0.0,No,0.0,2.0,0.0,2.0,0.0,0.0,RURAL_VICTORIA,RURAL_VICTORIA,HUME,METROPOLITAN NORTH WEST REGION,Metro,0.0,18.8
T20190010708,Driving accident,Finished,2019/06/08,00:09:00,Yes,Collision with vehicle,Saturday,VEHICLE COLLIDES WITH VEHICLE PARKED ON LEFT OF ROAD,No,Dark Street lights on,Yes,Not at intersection,Serious injury accident,50 km/hr,No,144.91578404,-37.65393057,HUME,METROPOLITAN NORTH WEST REGION,2.0,0.0,1.0,0.0,1.0,2.0,0.0,0.0,1.0,1.0,0.0,0.0,0.0,0.0,0.0,0.0,0.0,0.0,0.0,No,0.0,2.0,1.0,1.0,0.0,0.0,MELB_URBAN,MELB_URBAN,HUME,METROPOLITAN NORTH WEST REGION,Metro,0.0,18.8